{"song":{"song":"Thorns","bpm":190.0,"needsVoices":true,"player1":"bf-pixel","player2":"spirit","speed":1.5,"notes":[{"lengthInSteps":16,"mustHitSection":false,"sectionNotes":[[0.0,3,157.89473],[315.789459,3,0.0],[473.6842,3,0.0],[631.5789,1,157.89473],[947.3684,0,0.0]]},{"lengthInSteps":16,"mustHitSection":false,"sectionNotes":[[1263.15784,3,0.0],[1578.94727,1,0.0],[1736.842,3,0.0],[2052.63159,1,0.0],[2210.52612,3,0.0]]},{"lengthInSteps":16,"mustHitSection":false,"sectionNotes":[[2526.31567,3,0.0],[2684.21045,3,0.0],[2842.10522,3,0.0],[2999.99976,3,0.0],[3157.89453,1,0.0],[3315.78931,1,0.0],[3473.684,0,0.0],[3631.57886,0,0.0]]},{"lengthInSteps":16,"mustHitSection":false,"