{"song":{"song":"Satin-Panties","bpm":110.0,"needsVoices":true,"player1":"bf-car","player2":"mom-car","speed":1.8,"notes":[{"lengthInSteps":16,"mustHitSection":false,"sectionNotes":[[0.0,0,0.0],[272.727264,0,0.0],[545.4545,0,0.0],[818.181763,0,0.0],[954.5454,0,0.0],[1227.27271,0,0.0],[1363.63635,0,0.0],[1636.36353,0,0.0],[1909.09082,0,0.0],[2045.45447,0,0.0]]},{"lengthInSteps":16,"mustHitSection":true,"sectionNotes":[[2181.818,3,0.0],[2454.54541,3,0.0],[2727.27271,3,0.0],[3000.0,3,0.0],[3136.36353,3,0.0],[3409.09082,3,0.0],[3545.45435,3,0.0],[3818.18164,3,0.0],[4090.909,3,0.0],[4227.27246,3,0.0]]},{"lengthInSteps":16,"mustHitSection":false,"sectionNotes":[[4636.36328,2,0