{"song":{"song":"Stress","bpm":178.0,"needsVoices":true,"player1":"bf-holding-gf","player2":"tankman","speed":2.6,"notes":[{"lengthInSteps":16,"mustHitSection":false,"sectionNotes":[[0.0,1,0.0],[168.539322,2,0.0],[337.078644,0,0.0],[505.617981,0,0.0],[674.1573,2,0.0],[842.696655,3,0.0],[1011.23596,1,0.0],[1179.77527,3,0.0]]},{"lengthInSteps":16,"mustHitSection":false,"sectionNotes":[[1348.31458,0,0.0],[1516.85388,3,0.0],[1685.39331,2,0.0],[1853.93262,3,0.0],[2022.47192,1,0.0],[2191.01123,3,0.0],[2359.55054,0,0.0],[2528.08984,3,0.0]]},{"lengthInSteps":16,"mustHitSection":false,"sectionNotes":[[2696.62915,1,0.0],[2865.16846,2,0.0],[3033.70776,0,0.0],[3202.247,0,0.0],[3370.7866